rank,title,artists,img_url,song_url,date_scraped
1,Mất Kết Nối,Dương Domic,https://avatar-ex-swe.nixcdn.com/song/2024/11/21/5/9/b/6/1732160020288.jpg,https://www.nhaccuatui.com/playlist/top-100-nhac-tre-hay-nhat-va.m3liaiy6vVsF.html?st=1,2025-05-14 20:13:29
2,Hãy Trao Cho Anh,"Sơn Tùng M-TP, Snoop Dogg",https://avatar-ex-swe.nixcdn.com/song/2019/07/03/7/5/b/e/1562137543919.jpg,https://www.nhaccuatui.com/playlist/top-100-nhac-tre-hay-nhat-va.m3liaiy6vVsF.html?st=2,2025-05-14 20:13:29
3,Tái Sinh,Tùng Dương,https://avatar-ex-swe.nixcdn.com/song/2024/11/16/3/6/e/7/1731748031298.jpg,https://www.nhaccuatui.com/playlist/top-100-nhac-tre-hay-nhat-va.m3liaiy6vVsF.html?st=3,2025-05-14 20:13:29
4,Giờ Thì,buitruonglinh,https://avatar-ex-swe.nixcdn.com/song/2024/12/09/e/c/4/1/1733730837620.jpg,https://www.nhaccuatui.com/playlist/top-100-nhac-tre-hay-nhat-va.m3liaiy6vVsF.html?st=4,2025-05-14 20:13:29
5,CHẠY NGAY ĐI,Sơn Tùng M-TP,https://avatar-ex-swe.nixcdn.com/song/2018/05/12/e/8/6/f/1526059033533.jpg,https://www.nhaccuatui.com/playlist/top-100-nhac-tre-hay-nhat-va.m3liaiy6vVsF.html?st=5,2025-05-14 20:13:29
6,E Là Không Thể,Anh Quân,https://avatar-ex-swe.nixcdn.com/song/2023/10/03/8/4/f/d/1696334202122.jpg,https://www.nhaccuatui.com/playlist/top-100-nhac-tre-hay-nhat-va.m3liaiy6vVsF.html?st=6,2025-05-14 20:13:29
7,TÌNH ĐẦU QUÁ CHÉN,"ANH TRAI ""SAY HI"", Quang Hùng MasterD, Negav, Pháp Kiều, ERIK",https://avatar-ex-swe.nixcdn.com/song/2024/09/13/f/1/0/2/1726246384758.jpg,https://www.nhaccuatui.com/playlist/top-100-nhac-tre-hay-nhat-va.m3liaiy6vVsF.html?st=7,2025-05-14 20:13:29
8,Khó Vẽ Nụ Cười,"Đạt G, Du Uyên",https://avatar-ex-swe.nixcdn.com/song/2019/09/17/b/a/5/a/1568694782034.jpg,https://www.nhaccuatui.com/playlist/top-100-nhac-tre-hay-nhat-va.m3liaiy6vVsF.html?st=8,2025-05-14 20:13:29
9,Anh Đau Từ Lúc Em Đi,Trần Mạnh Cường,https://avatar-ex-swe.nixcdn.com/song/2024/09/30/b/H/B/m/1727692480687.jpg,https://www.nhaccuatui.com/playlist/top-100-nhac-tre-hay-nhat-va.m3liaiy6vVsF.html?st=9,2025-05-14 20:13:29
10,"Đi Giữa Trời Rực Rỡ (From ""Đi Giữa Trời Rực Rỡ"")",Ngô Lan Hương,https://avatar-ex-swe.nixcdn.com/song/2024/08/15/n/m/F/k/1723689056060.jpg,https://www.nhaccuatui.com/playlist/top-100-nhac-tre-hay-nhat-va.m3liaiy6vVsF.html?st=10,2025-05-14 20:13:29
11,"KIM PHÚT, KIM GIỜ","Isaac, Negav, HIEUTHUHAI, HURRYKNG, Pháp Kiều, ANH TRAI ""SAY HI""",https://avatar-ex-swe.nixcdn.com/song/2024/08/23/e/c/3/c/1724421820127.jpg,https://www.nhaccuatui.com/playlist/top-100-nhac-tre-hay-nhat-va.m3liaiy6vVsF.html?st=11,2025-05-14 20:13:29
12,Chân Ái,"Orange, Khói, Châu Đăng Khoa",https://avatar-ex-swe.nixcdn.com/song/2020/02/17/f/6/a/4/1581934405838.jpg,https://www.nhaccuatui.com/playlist/top-100-nhac-tre-hay-nhat-va.m3liaiy6vVsF.html?st=12,2025-05-14 20:13:29
13,bình yên,"Vũ., Binz",https://avatar-ex-swe.nixcdn.com/song/2024/08/27/0/2/6/0/1724763969278.jpg,https://www.nhaccuatui.com/playlist/top-100-nhac-tre-hay-nhat-va.m3liaiy6vVsF.html?st=13,2025-05-14 20:13:29
14,NGÁO NGƠ,"ANH TRAI ""SAY HI"", HIEUTHUHAI, ERIK, Anh Tú Atus, JSOL, Orange",https://avatar-ex-swe.nixcdn.com/song/2024/08/02/6/5/b/a/1722607585053.jpg,https://www.nhaccuatui.com/playlist/top-100-nhac-tre-hay-nhat-va.m3liaiy6vVsF.html?st=14,2025-05-14 20:13:29
15,Chăm Hoa,MONO,https://avatar-ex-swe.nixcdn.com/song/2024/10/18/1/8/a/e/1729256233324.jpg,https://www.nhaccuatui.com/playlist/top-100-nhac-tre-hay-nhat-va.m3liaiy6vVsF.html?st=15,2025-05-14 20:13:29
16,LÀN ƯU TIÊN,"Quang Hùng MasterD, JSOL, HURRYKNG, Dương Domic, MOPIUS",https://avatar-ex-swe.nixcdn.com/song/2024/12/03/1/3/7/d/1733199856213.jpg,https://www.nhaccuatui.com/playlist/top-100-nhac-tre-hay-nhat-va.m3liaiy6vVsF.html?st=16,2025-05-14 20:13:29
17,SAO HẠNG A,"ANH TRAI ""SAY HI"", HIEUTHUHAI, Dương Domic, Song Luân, JSOL",https://avatar-ex-swe.nixcdn.com/song/2024/09/13/f/1/0/2/1726246384758.jpg,https://www.nhaccuatui.com/playlist/top-100-nhac-tre-hay-nhat-va.m3liaiy6vVsF.html?st=17,2025-05-14 20:13:29
18,TRÀN BỘ NHỚ,"ANH TRAI ""SAY HI"", Dương Domic",https://avatar-ex-swe.nixcdn.com/song/2024/09/07/c/7/8/0/1725682110609.jpg,https://www.nhaccuatui.com/playlist/top-100-nhac-tre-hay-nhat-va.m3liaiy6vVsF.html?st=18,2025-05-14 20:13:29
19,CATCH ME IF YOU CAN,"ANH TRAI ""SAY HI"", Quang Hùng MasterD, Negav, Công Dương, NICKY",https://avatar-ex-swe.nixcdn.com/song/2024/07/05/8/d/1/2/1720195916328.jpg,https://www.nhaccuatui.com/playlist/top-100-nhac-tre-hay-nhat-va.m3liaiy6vVsF.html?st=19,2025-05-14 20:13:29
20,CHÂN THÀNH,"ANH TRAI ""SAY HI"", RHYDER, CAPTAIN BOY, Quang Hùng MasterD, WEAN, Ali Hoàng Dương",https://avatar-ex-swe.nixcdn.com/song/2024/08/17/f/b/4/4/1723893395674.jpg,https://www.nhaccuatui.com/playlist/top-100-nhac-tre-hay-nhat-va.m3liaiy6vVsF.html?st=20,2025-05-14 20:13:29
21,HÀO QUANG,"RHYDER, Dương Domic, Pháp Kiều, ANH TRAI ""SAY HI""",https://avatar-ex-swe.nixcdn.com/song/2024/07/12/a/b/4/1/1720794956958.jpg,https://www.nhaccuatui.com/playlist/top-100-nhac-tre-hay-nhat-va.m3liaiy6vVsF.html?st=21,2025-05-14 20:13:29
22,Khóa Ly Biệt,"The Masked Singer, Voi Bản Đôn",https://avatar-ex-swe.nixcdn.com/song/2023/11/03/f/d/e/0/1699029204532.jpg,https://www.nhaccuatui.com/playlist/top-100-nhac-tre-hay-nhat-va.m3liaiy6vVsF.html?st=22,2025-05-14 20:13:29
23,Những Lời Hứa Bỏ Quên,"Vũ., Dear Jane",https://avatar-ex-swe.nixcdn.com/song/2023/12/12/7/a/0/c/1702398577338.jpg,https://www.nhaccuatui.com/playlist/top-100-nhac-tre-hay-nhat-va.m3liaiy6vVsF.html?st=23,2025-05-14 20:13:29
24,Bầu Trời Mới,"Da LAB, Minh Tốc & Lam",https://avatar-ex-swe.nixcdn.com/song/2024/10/02/2/a/f/2/1727843689942.jpg,https://www.nhaccuatui.com/playlist/top-100-nhac-tre-hay-nhat-va.m3liaiy6vVsF.html?st=24,2025-05-14 20:13:29
25,Lao Tâm Khổ Tứ,Thanh Hưng,https://avatar-ex-swe.nixcdn.com/song/2023/02/27/2/9/a/2/1677479336112.jpg,https://www.nhaccuatui.com/playlist/top-100-nhac-tre-hay-nhat-va.m3liaiy6vVsF.html?st=25,2025-05-14 20:13:29
26,TRÓI EM LẠI,"ANH TRAI ""SAY HI"", Quang Hùng MasterD",https://avatar-ex-swe.nixcdn.com/song/2024/09/07/c/7/8/0/1725682110609.jpg,https://www.nhaccuatui.com/playlist/top-100-nhac-tre-hay-nhat-va.m3liaiy6vVsF.html?st=26,2025-05-14 20:13:29
27,REGRET,"ANH TRAI ""SAY HI"", Quân A.P, Pháp Kiều, Quang Trung, Ali Hoàng Dương, Lâm Bảo Ngọc",https://avatar-ex-swe.nixcdn.com/song/2024/08/02/6/5/b/a/1722607585053.jpg,https://www.nhaccuatui.com/playlist/top-100-nhac-tre-hay-nhat-va.m3liaiy6vVsF.html?st=27,2025-05-14 20:13:29
28,Nơi Này Có Anh,Sơn Tùng M-TP,https://avatar-ex-swe.nixcdn.com/song/2024/03/15/4/c/b/d/1710498649541.jpg,https://www.nhaccuatui.com/playlist/top-100-nhac-tre-hay-nhat-va.m3liaiy6vVsF.html?st=28,2025-05-14 20:13:29
29,Ải Hồng Nhan,Dunghoangpham,https://avatar-ex-swe.nixcdn.com/song/2024/11/06/e/f/e/b/1730908755504.jpg,https://www.nhaccuatui.com/playlist/top-100-nhac-tre-hay-nhat-va.m3liaiy6vVsF.html?st=29,2025-05-14 20:13:29
30,MẸ YÊU CON,"Cường Seven, Phan Đình Tùng, Bằng Kiều, Jun Phạm, Tự Long, Trương Thế Vinh, Tuấn Hưng, SOOBIN, S.T Sơn Thạch, Kay Trần, BB Trần",https://avatar-ex-swe.nixcdn.com/song/2024/11/13/b/3/5/d/42438.jpg,https://www.nhaccuatui.com/playlist/top-100-nhac-tre-hay-nhat-va.m3liaiy6vVsF.html?st=30,2025-05-14 20:13:29
31,một đời,"14 Casper, Bon Nghiêm, buitruonglinh",https://avatar-ex-swe.nixcdn.com/song/2022/12/20/5/6/7/f/1671530957863.jpg,https://www.nhaccuatui.com/playlist/top-100-nhac-tre-hay-nhat-va.m3liaiy6vVsF.html?st=31,2025-05-14 20:13:29
32,Không Thể Say,HIEUTHUHAI,https://avatar-ex-swe.nixcdn.com/song/2023/04/19/d/2/5/3/1681879735020.jpg,https://www.nhaccuatui.com/playlist/top-100-nhac-tre-hay-nhat-va.m3liaiy6vVsF.html?st=32,2025-05-14 20:13:29
33,Nỗi Đau Đính Kèm,"Anh Tú Atus, RHYDER",https://avatar-ex-swe.nixcdn.com/song/2024/12/09/e/c/4/1/1733717166932.jpg,https://www.nhaccuatui.com/playlist/top-100-nhac-tre-hay-nhat-va.m3liaiy6vVsF.html?st=33,2025-05-14 20:13:29
34,Không Ra Gì,Trúc Nhân,https://avatar-ex-swe.nixcdn.com/song/2024/11/12/e/f/7/f/19808.jpg,https://www.nhaccuatui.com/playlist/top-100-nhac-tre-hay-nhat-va.m3liaiy6vVsF.html?st=34,2025-05-14 20:13:29
35,Pin Dự Phòng,"Dương Domic, Lou Hoàng",https://avatar-ex-swe.nixcdn.com/song/2024/11/21/5/9/b/6/1732159976457.jpg,https://www.nhaccuatui.com/playlist/top-100-nhac-tre-hay-nhat-va.m3liaiy6vVsF.html?st=35,2025-05-14 20:13:29
36,Wrong Times,"Puppy, Dangrangto",https://avatar-ex-swe.nixcdn.com/song/2023/05/15/f/b/b/1/1684136843659.jpg,https://www.nhaccuatui.com/playlist/top-100-nhac-tre-hay-nhat-va.m3liaiy6vVsF.html?st=36,2025-05-14 20:13:29
37,Dưới Tán Cây Khô Hoa Nở,Jack - J97,https://avatar-ex-swe.nixcdn.com/song/2024/12/10/1/a/8/4/1733836443692.jpg,https://www.nhaccuatui.com/playlist/top-100-nhac-tre-hay-nhat-va.m3liaiy6vVsF.html?st=37,2025-05-14 20:13:29
38,Vạn Sự Tùy Duyên,Thanh Hưng,https://avatar-ex-swe.nixcdn.com/song/2023/06/27/2/a/4/2/1687856230286.jpg,https://www.nhaccuatui.com/playlist/top-100-nhac-tre-hay-nhat-va.m3liaiy6vVsF.html?st=38,2025-05-14 20:13:29
39,Think About U,Kay Châu Anh,https://avatar-ex-swe.nixcdn.com/song/2024/11/05/2/0/5/4/1730781542306.jpg,https://www.nhaccuatui.com/playlist/top-100-nhac-tre-hay-nhat-va.m3liaiy6vVsF.html?st=39,2025-05-14 20:13:29
40,Rồi Em Sẽ Gặp Một Chàng Trai Khác,"The Masked Singer, Hippohappy",https://avatar-ex-swe.nixcdn.com/song/2023/11/15/d/6/1/0/1700018872628.jpg,https://www.nhaccuatui.com/playlist/top-100-nhac-tre-hay-nhat-va.m3liaiy6vVsF.html?st=40,2025-05-14 20:13:29
41,Âm Thầm Bên Em,Sơn Tùng M-TP,https://avatar-ex-swe.nixcdn.com/song/2024/03/15/4/c/b/d/1710499661240.jpg,https://www.nhaccuatui.com/playlist/top-100-nhac-tre-hay-nhat-va.m3liaiy6vVsF.html?st=41,2025-05-14 20:13:29
42,ĐỀU LÀ CỦA EM,"Quang Trung, Song Luân, Anh Tú Atus, Anh Tú, Dương Domic, ANH TRAI ""SAY HI""",https://avatar-ex-swe.nixcdn.com/song/2024/08/23/e/c/3/c/1724421820127.jpg,https://www.nhaccuatui.com/playlist/top-100-nhac-tre-hay-nhat-va.m3liaiy6vVsF.html?st=42,2025-05-14 20:13:29
43,"7 Lần Vấp Ngã, 8 Lần Đứng Lên","MiiNa (DREAMeR), RIN9, DREAMeR",https://avatar-ex-swe.nixcdn.com/song/2024/11/14/a/2/b/a/1731567262686.jpg,https://www.nhaccuatui.com/playlist/top-100-nhac-tre-hay-nhat-va.m3liaiy6vVsF.html?st=43,2025-05-14 20:13:29
44,Tràn Bộ Nhớ,Dương Domic,https://avatar-ex-swe.nixcdn.com/song/2024/11/21/5/9/b/6/1732159934252.jpg,https://www.nhaccuatui.com/playlist/top-100-nhac-tre-hay-nhat-va.m3liaiy6vVsF.html?st=44,2025-05-14 20:13:29
45,ĐÓA PHÙ DUNG CUỐI CÙNG,"ANH TRAI ""SAY HI"", Đức Phúc",https://avatar-ex-swe.nixcdn.com/song/2024/09/07/c/7/8/0/1725682110609.jpg,https://www.nhaccuatui.com/playlist/top-100-nhac-tre-hay-nhat-va.m3liaiy6vVsF.html?st=45,2025-05-14 20:13:29
46,ANH BIẾT RỒI,"RHYDER, ANH TRAI ""SAY HI""",https://avatar-ex-swe.nixcdn.com/song/2024/08/31/5/f/c/2/1725070519239.jpg,https://www.nhaccuatui.com/playlist/top-100-nhac-tre-hay-nhat-va.m3liaiy6vVsF.html?st=46,2025-05-14 20:13:29
47,Ngày Đẹp Trời Để Nói Chia Tay,Lou Hoàng,https://avatar-ex-swe.nixcdn.com/song/2024/06/10/0/1/c/c/1718028171784.jpg,https://www.nhaccuatui.com/playlist/top-100-nhac-tre-hay-nhat-va.m3liaiy6vVsF.html?st=47,2025-05-14 20:13:29
48,Cẩm Tú Cầu,"RayO, Huỳnh Văn",https://avatar-ex-swe.nixcdn.com/song/2024/03/27/c/1/8/8/1711523405837.jpg,https://www.nhaccuatui.com/playlist/top-100-nhac-tre-hay-nhat-va.m3liaiy6vVsF.html?st=48,2025-05-14 20:13:29
49,Không Yêu Em Thì Yêu Ai?,"Vũ., Low G",https://avatar-ex-swe.nixcdn.com/song/2024/09/25/0/a/8/0/1727269398545.jpg,https://www.nhaccuatui.com/playlist/top-100-nhac-tre-hay-nhat-va.m3liaiy6vVsF.html?st=49,2025-05-14 20:13:29
50,I'M THINKING ABOUT YOU,"ANH TRAI ""SAY HI"", RHYDER, WEAN, Đức Phúc, Gemini Hùng Huỳnh, tlinh",https://avatar-ex-swe.nixcdn.com/song/2024/08/09/b/d/0/0/1723211825063.jpg,https://www.nhaccuatui.com/playlist/top-100-nhac-tre-hay-nhat-va.m3liaiy6vVsF.html?st=50,2025-05-14 20:13:29
51,Vì Điều Gì,"buitruonglinh, Dangrangto, Minsicko",https://avatar-ex-swe.nixcdn.com/song/2024/12/09/e/c/4/1/1733730005916.jpg,https://www.nhaccuatui.com/playlist/top-100-nhac-tre-hay-nhat-va.m3liaiy6vVsF.html?st=51,2025-05-14 20:13:29
52,Hư không,Kha,https://avatar-ex-swe.nixcdn.com/song/2023/12/08/b/5/d/d/1702024606136.jpg,https://www.nhaccuatui.com/playlist/top-100-nhac-tre-hay-nhat-va.m3liaiy6vVsF.html?st=52,2025-05-14 20:13:29
53,Anh Thôi Nhân Nhượng (Cover),Kiều Chi,https://avatar-ex-swe.nixcdn.com/song/2024/06/27/r/U/v/Z/1719457670387.jpg,https://www.nhaccuatui.com/playlist/top-100-nhac-tre-hay-nhat-va.m3liaiy6vVsF.html?st=53,2025-05-14 20:13:29
54,Vừa Hận Vừa Yêu,"Trung Tự, BFF",https://avatar-ex-swe.nixcdn.com/song/2024/06/21/7/9/0/a/1718960247055.jpg,https://www.nhaccuatui.com/playlist/top-100-nhac-tre-hay-nhat-va.m3liaiy6vVsF.html?st=54,2025-05-14 20:13:29
55,QUAY ĐI QUAY LẠI,"HIEUTHUHAI, ANH TRAI ""SAY HI""",https://avatar-ex-swe.nixcdn.com/song/2024/08/31/5/f/c/2/1725070519239.jpg,https://www.nhaccuatui.com/playlist/top-100-nhac-tre-hay-nhat-va.m3liaiy6vVsF.html?st=55,2025-05-14 20:13:29
56,Trả Lại Thanh Xuân Cho Em,H2K,https://avatar-ex-swe.nixcdn.com/song/2024/09/05/5/7/3/e/1725507119350.jpg,https://www.nhaccuatui.com/playlist/top-100-nhac-tre-hay-nhat-va.m3liaiy6vVsF.html?st=56,2025-05-14 20:13:29
57,Say Yes (Vietnamese Version),"PiaLinh, Ogenus",https://avatar-ex-swe.nixcdn.com/song/2024/10/08/2/5/e/5/1728361921381.jpg,https://www.nhaccuatui.com/playlist/top-100-nhac-tre-hay-nhat-va.m3liaiy6vVsF.html?st=57,2025-05-14 20:13:29
58,Cung Tên Tình Yêu,Pháp Kiều,https://avatar-ex-swe.nixcdn.com/song/2024/10/21/b/c/1/6/1729510339340.jpg,https://www.nhaccuatui.com/playlist/top-100-nhac-tre-hay-nhat-va.m3liaiy6vVsF.html?st=58,2025-05-14 20:13:29
59,giá như,SOOBIN,https://avatar-ex-swe.nixcdn.com/song/2024/04/07/8/e/8/b/1712508445208.jpg,https://www.nhaccuatui.com/playlist/top-100-nhac-tre-hay-nhat-va.m3liaiy6vVsF.html?st=59,2025-05-14 20:13:29
60,Love Is,Dangrangto,https://avatar-ex-swe.nixcdn.com/song/2023/06/23/f/1/f/5/1687490798409.jpg,https://www.nhaccuatui.com/playlist/top-100-nhac-tre-hay-nhat-va.m3liaiy6vVsF.html?st=60,2025-05-14 20:13:29
61,Yên Bình Có Quá Đắt Không,Khiem,https://avatar-ex-swe.nixcdn.com/song/2024/06/17/5/a/6/1/1718621628468.jpg,https://www.nhaccuatui.com/playlist/top-100-nhac-tre-hay-nhat-va.m3liaiy6vVsF.html?st=61,2025-05-14 20:13:29
62,"Duyên Do Trời, Phận Tại Ta","The Masked Singer, Voi Bản Đôn",https://avatar-ex-swe.nixcdn.com/song/2023/11/15/d/6/1/0/1700018872628.jpg,https://www.nhaccuatui.com/playlist/top-100-nhac-tre-hay-nhat-va.m3liaiy6vVsF.html?st=62,2025-05-14 20:13:29
63,Từng Quen,"Wren Evans, Itsnk",https://avatar-ex-swe.nixcdn.com/song/2023/12/21/2/f/e/0/1703130200966.jpg,https://www.nhaccuatui.com/playlist/top-100-nhac-tre-hay-nhat-va.m3liaiy6vVsF.html?st=63,2025-05-14 20:13:29
64,Cô Phòng,"Hồ Quang Hiếu, Huỳnh Văn",https://avatar-ex-swe.nixcdn.com/song/2024/04/16/4/7/c/b/1713253101033.jpg,https://www.nhaccuatui.com/playlist/top-100-nhac-tre-hay-nhat-va.m3liaiy6vVsF.html?st=64,2025-05-14 20:13:29
65,Nếu Những Tiếc Nuối,Vũ.,https://avatar-ex-swe.nixcdn.com/song/2024/09/24/e/e/1/5/1727196755158.jpg,https://www.nhaccuatui.com/playlist/top-100-nhac-tre-hay-nhat-va.m3liaiy6vVsF.html?st=65,2025-05-14 20:13:29
66,Hứa Đợi Nhưng Chẳng Tới,"Vương Thiên Tuấn, Lâm Tuấn",https://avatar-ex-swe.nixcdn.com/song/2024/05/13/6/e/d/3/1715568245167.jpg,https://www.nhaccuatui.com/playlist/top-100-nhac-tre-hay-nhat-va.m3liaiy6vVsF.html?st=66,2025-05-14 20:13:29
67,Pickleball,Đỗ Phú Quí,https://avatar-ex-swe.nixcdn.com/song/2024/11/07/3/9/8/e/1730981570509.jpg,https://www.nhaccuatui.com/playlist/top-100-nhac-tre-hay-nhat-va.m3liaiy6vVsF.html?st=67,2025-05-14 20:13:29
68,"Sau Lời Từ Khước (Theme Song From ""MAI"")",Phan Mạnh Quỳnh,https://avatar-ex-swe.nixcdn.com/song/2024/02/15/2/d/d/c/1707978408838.jpg,https://www.nhaccuatui.com/playlist/top-100-nhac-tre-hay-nhat-va.m3liaiy6vVsF.html?st=68,2025-05-14 20:13:29
69,Thương Thì Thôi (Lofi),Jank,https://avatar-ex-swe.nixcdn.com/song/2024/11/21/5/9/b/6/1732183020066.jpg,https://www.nhaccuatui.com/playlist/top-100-nhac-tre-hay-nhat-va.m3liaiy6vVsF.html?st=69,2025-05-14 20:13:29
70,Mộng Hoa Sim,Thiên Tú,https://avatar-ex-swe.nixcdn.com/song/2022/12/03/c/6/b/5/1670060092249.jpg,https://www.nhaccuatui.com/playlist/top-100-nhac-tre-hay-nhat-va.m3liaiy6vVsF.html?st=70,2025-05-14 20:13:29
71,Ikigai,"Tăng Duy Tân, Bích Phương",https://avatar-ex-swe.nixcdn.com/song/2024/10/29/e/c/9/b/75750.jpg,https://www.nhaccuatui.com/playlist/top-100-nhac-tre-hay-nhat-va.m3liaiy6vVsF.html?st=71,2025-05-14 20:13:29
72,Nếu Lúc Đó,"tlinh, 2pillz",https://avatar-ex-swe.nixcdn.com/song/2023/02/27/2/9/a/2/1677482230509.jpg,https://www.nhaccuatui.com/playlist/top-100-nhac-tre-hay-nhat-va.m3liaiy6vVsF.html?st=72,2025-05-14 20:13:29
73,Ngày Mai Người Ta Lấy Chồng,Thành Đạt,https://avatar-ex-swe.nixcdn.com/song/2023/05/12/2/4/f/0/1683905522466.jpg,https://www.nhaccuatui.com/playlist/top-100-nhac-tre-hay-nhat-va.m3liaiy6vVsF.html?st=73,2025-05-14 20:13:29
74,Chúng Ta Không Thuộc Về Nhau,Sơn Tùng M-TP,https://avatar-ex-swe.nixcdn.com/song/2024/03/15/4/c/b/d/1710499889373.jpg,https://www.nhaccuatui.com/playlist/top-100-nhac-tre-hay-nhat-va.m3liaiy6vVsF.html?st=74,2025-05-14 20:13:29
75,Track 06,"Tyronee, VSTRA, Obito",https://avatar-ex-swe.nixcdn.com/song/2024/12/02/8/9/7/2/1733156226717.jpg,https://www.nhaccuatui.com/playlist/top-100-nhac-tre-hay-nhat-va.m3liaiy6vVsF.html?st=75,2025-05-14 20:13:29
76,MỘNG YU,MCK,https://avatar-ex-swe.nixcdn.com/song/2024/07/31/7/6/0/3/1722413158147.jpg,https://www.nhaccuatui.com/playlist/top-100-nhac-tre-hay-nhat-va.m3liaiy6vVsF.html?st=76,2025-05-14 20:13:29
77,BAO LỜI CON CHƯA NÓI,"ANH TRAI ""SAY HI"", Dương Domic, Anh Tú Atus, Song Luân, Quang Trung, Anh Tú",https://avatar-ex-swe.nixcdn.com/song/2024/08/17/f/b/4/4/1723893395674.jpg,https://www.nhaccuatui.com/playlist/top-100-nhac-tre-hay-nhat-va.m3liaiy6vVsF.html?st=77,2025-05-14 20:13:29
78,Từng Là,Vũ Cát Tường,https://avatar-ex-swe.nixcdn.com/song/2024/03/01/b/3/9/b/1709305231637.jpg,https://www.nhaccuatui.com/playlist/top-100-nhac-tre-hay-nhat-va.m3liaiy6vVsF.html?st=78,2025-05-14 20:13:29
79,LOVE SAND,"ANH TRAI ""SAY HI"", HIEUTHUHAI, JSOL, Ali Hoàng Dương, Vũ Thịnh",https://avatar-ex-swe.nixcdn.com/song/2024/07/05/8/d/1/2/1720195916328.jpg,https://www.nhaccuatui.com/playlist/top-100-nhac-tre-hay-nhat-va.m3liaiy6vVsF.html?st=79,2025-05-14 20:13:29
80,Sau Cơn Mưa,"CoolKid, RHYDER",https://avatar-ex-swe.nixcdn.com/song/2023/07/21/5/e/1/e/1689914948837.jpg,https://www.nhaccuatui.com/playlist/top-100-nhac-tre-hay-nhat-va.m3liaiy6vVsF.html?st=80,2025-05-14 20:13:29
81,id 072019,W/n,https://avatar-ex-swe.nixcdn.com/song/2023/07/31/7/9/9/a/1690808322047.jpg,https://www.nhaccuatui.com/playlist/top-100-nhac-tre-hay-nhat-va.m3liaiy6vVsF.html?st=81,2025-05-14 20:13:29
82,2 4,W/n,https://avatar-ex-swe.nixcdn.com/song/2024/07/30/1/3/2/a/1722288116052.jpg,https://www.nhaccuatui.com/playlist/top-100-nhac-tre-hay-nhat-va.m3liaiy6vVsF.html?st=82,2025-05-14 20:13:29
83,Chúng Ta Của Hiện Tại,Sơn Tùng M-TP,https://avatar-ex-swe.nixcdn.com/song/2024/03/15/4/c/b/d/1710493302970.jpg,https://www.nhaccuatui.com/playlist/top-100-nhac-tre-hay-nhat-va.m3liaiy6vVsF.html?st=83,2025-05-14 20:13:29
84,Mình Anh Thôi,Negav,https://avatar-ex-swe.nixcdn.com/song/2024/09/04/0/2/a/2/1725448202194.jpg,https://www.nhaccuatui.com/playlist/top-100-nhac-tre-hay-nhat-va.m3liaiy6vVsF.html?st=84,2025-05-14 20:13:29
85,Anh Là Ngoại Lệ Của Em,Phương Ly,https://avatar-ex-swe.nixcdn.com/song/2023/10/04/3/b/c/3/1696414640108.jpg,https://www.nhaccuatui.com/playlist/top-100-nhac-tre-hay-nhat-va.m3liaiy6vVsF.html?st=85,2025-05-14 20:13:29
86,Cạn Tình Như Thế,"DICKSON, Thành Đạt, Lê Chí Trung",https://avatar-ex-swe.nixcdn.com/song/2023/08/18/a/d/8/4/1692360165798.jpg,https://www.nhaccuatui.com/playlist/top-100-nhac-tre-hay-nhat-va.m3liaiy6vVsF.html?st=86,2025-05-14 20:13:29
87,một bài hát không vui mấy (Extended Version),"T.R.I, Dangrangto, DONAL",https://avatar-ex-swe.nixcdn.com/song/2024/12/24/b/d/a/8/1735007102365.jpg,https://www.nhaccuatui.com/playlist/top-100-nhac-tre-hay-nhat-va.m3liaiy6vVsF.html?st=87,2025-05-14 20:13:29
88,Hoa Nở Bên Đường,"Quang Đăng Trần, ACV",https://avatar-ex-swe.nixcdn.com/song/2024/03/22/a/a/1/4/1711112400337.jpg,https://www.nhaccuatui.com/playlist/top-100-nhac-tre-hay-nhat-va.m3liaiy6vVsF.html?st=88,2025-05-14 20:13:29
89,Thiên Lý Ơi,Jack - J97,https://avatar-ex-swe.nixcdn.com/song/2024/02/23/9/a/8/4/1708658535903.jpg,https://www.nhaccuatui.com/playlist/top-100-nhac-tre-hay-nhat-va.m3liaiy6vVsF.html?st=89,2025-05-14 20:13:29
90,Rất Lâu Rồi Mới Khóc (New Version),Quốc Thiên,https://avatar-ex-swe.nixcdn.com/song/2024/06/14/b/3/7/1/1718336111437.jpg,https://www.nhaccuatui.com/playlist/top-100-nhac-tre-hay-nhat-va.m3liaiy6vVsF.html?st=90,2025-05-14 20:13:29
91,Cao Ốc 20,"B Ray, Đạt G",https://avatar-ex-swe.nixcdn.com/song/2019/06/22/b/1/2/7/1561218264960.jpg,https://www.nhaccuatui.com/playlist/top-100-nhac-tre-hay-nhat-va.m3liaiy6vVsF.html?st=91,2025-05-14 20:13:29
92,Đường Chân Trời (Short Cover.),Tú Na,https://avatar-ex-swe.nixcdn.com/song/2024/11/12/b/e/7/0/1731380088676.jpg,https://www.nhaccuatui.com/playlist/top-100-nhac-tre-hay-nhat-va.m3liaiy6vVsF.html?st=92,2025-05-14 20:13:29
93,Gấp Đôi Yêu Thương,Tuấn Hưng,https://avatar-ex-swe.nixcdn.com/song/2023/09/20/2/2/5/5/1695155123227.jpg,https://www.nhaccuatui.com/playlist/top-100-nhac-tre-hay-nhat-va.m3liaiy6vVsF.html?st=93,2025-05-14 20:13:29
94,Ngày Mai Người Ta Lấy Chồng,"The Masked Singer, Voi Bản Đôn",https://avatar-ex-swe.nixcdn.com/song/2023/08/12/a/c/2/4/1691824284611.jpg,https://www.nhaccuatui.com/playlist/top-100-nhac-tre-hay-nhat-va.m3liaiy6vVsF.html?st=94,2025-05-14 20:13:29
95,Suýt Nữa Thì...,Andiez,https://avatar-ex-swe.nixcdn.com/song/2018/07/19/6/0/9/e/1532010326915.jpg,https://www.nhaccuatui.com/playlist/top-100-nhac-tre-hay-nhat-va.m3liaiy6vVsF.html?st=95,2025-05-14 20:13:29
96,Lần Cuối,"Hoa Vinh, Khắc Việt",https://avatar-ex-swe.nixcdn.com/song/2024/12/20/c/2/3/a/1734667386080.jpg,https://www.nhaccuatui.com/playlist/top-100-nhac-tre-hay-nhat-va.m3liaiy6vVsF.html?st=96,2025-05-14 20:13:29
97,Nhẹ Nhàng,Tuấn Hưng,https://avatar-ex-swe.nixcdn.com/song/2024/11/25/1/b/d/a/1732503440150.jpg,https://www.nhaccuatui.com/playlist/top-100-nhac-tre-hay-nhat-va.m3liaiy6vVsF.html?st=97,2025-05-14 20:13:29
98,Còn Em Anh Bỏ Cho Ai (Live At Lululola),Kiều Oanh,https://avatar-ex-swe.nixcdn.com/song/2024/08/12/7/8/0/d/1723435050945.jpg,https://www.nhaccuatui.com/playlist/top-100-nhac-tre-hay-nhat-va.m3liaiy6vVsF.html?st=98,2025-05-14 20:13:29
99,Lạ Lùng,Vũ.,https://avatar-ex-swe.nixcdn.com/song/2018/01/26/1/8/9/0/1516930244148.jpg,https://www.nhaccuatui.com/playlist/top-100-nhac-tre-hay-nhat-va.m3liaiy6vVsF.html?st=99,2025-05-14 20:13:29
100,Say Hi Never Say Goodbye,"ANH TRAI ""SAY HI""",https://avatar-ex-swe.nixcdn.com/song/2024/10/23/0/6/b/2/1729667831148.jpg,https://www.nhaccuatui.com/playlist/top-100-nhac-tre-hay-nhat-va.m3liaiy6vVsF.html?st=100,2025-05-14 20:13:29
